-- MySQL dump 10.13  Distrib 5.5.54, for Linux (x86_64)
--
-- Host: localhost    Database: bingesync
-- ------------------------------------------------------
-- Server version	5.5.54

/*!40101 SET @OLD_CHARACTER_SET_CLIENT=@@CHARACTER_SET_CLIENT */;
/*!40101 SET @OLD_CHARACTER_SET_RESULTS=@@CHARACTER_SET_RESULTS */;
/*!40101 SET @OLD_COLLATION_CONNECTION=@@COLLATION_CONNECTION */;
/*!40101 SET NAMES utf8 */;
/*!40103 SET @OLD_TIME_ZONE=@@TIME_ZONE */;
/*!40103 SET TIME_ZONE='+00:00' */;
/*!40014 SET @OLD_UNIQUE_CHECKS=@@UNIQUE_CHECKS, UNIQUE_CHECKS=0 */;
/*!40014 SET @OLD_FOREIGN_KEY_CHECKS=@@FOREIGN_KEY_CHECKS, FOREIGN_KEY_CHECKS=0 */;
/*!40101 SET @OLD_SQL_MODE=@@SQL_MODE, SQL_MODE='NO_AUTO_VALUE_ON_ZERO' */;
/*!40111 SET @OLD_SQL_NOTES=@@SQL_NOTES, SQL_NOTES=0 */;

--
-- Table structure for table `episode`
--

DROP TABLE IF EXISTS `episode`;
/*!40101 SET @saved_cs_client     = @@character_set_client */;
/*!40101 SET character_set_client = utf8 */;
CREATE TABLE `episode` (
  `id` int(11) NOT NULL AUTO_INCREMENT,
  `title` varchar(120) DEFAULT NULL,
  `description` varchar(1000) DEFAULT NULL,
  `img_url` varchar(300) DEFAULT NULL,
  `episode_number` int(11) NOT NULL,
  `season_id` int(11) NOT NULL,
  PRIMARY KEY (`id`),
  KEY `fk_episodes_seasons1_idx` (`season_id`),
  CONSTRAINT `fk_episodes_seasons1` FOREIGN KEY (`season_id`) REFERENCES `season` (`id`) ON DELETE NO ACTION ON UPDATE NO ACTION
) ENGINE=InnoDB AUTO_INCREMENT=234 DEFAULT CHARSET=utf8;
/*!40101 SET character_set_client = @saved_cs_client */;

--
-- Dumping data for table `episode`
--

LOCK TABLES `episode` WRITE;
/*!40000 ALTER TABLE `episode` DISABLE KEYS */;
INSERT INTO `episode` VALUES (9,'Winter Is Coming','Jon Arryn, the Hand of the King, is dead. King Robert Baratheon plans to ask his oldest friend, Eddard Stark, to take Jon\'s place. Across the sea, Viserys Targaryen plans to wed his sister to a nomadic warlord in exchange for an army.','',1,5),(10,'The Kingsroad','While Bran recovers from his fall, Ned takes only his daughters to Kings Landing. Jon Snow goes with his uncle Benjen to The Wall. Tyrion joins them.','',2,5),(11,'Lord Snow','Lord Stark and his daughters arrive at King\'s Landing to discover the intrigues of the king\'s realm.','',3,5),(12,'Cripples, Bastards, and Broken Things','Eddard investigates Jon Arryn\'s murder. Jon befriends Samwell Tarly, a coward who has come to join the Night\'s Watch.','',4,5),(13,'The Wolf and the Lion','Catelyn has captured Tyrion and plans to bring him to her sister, Lysa Arryn, at The Vale, to be tried for his, supposed, crimes against Bran. Robert plans to have Daenerys killed, but Eddard refuses to be a part of it and quits.','',5,5),(14,'A Golden Crown','While recovering from his battle with Jamie, Eddard is forced to run the kingdom while Robert goes hunting. Tyrion demands a trial by combat for his freedom. Viserys is losing his patience with Drogo.','',6,5),(15,'You Win or You Die','Robert has been injured while hunting and is dying. Jon and the others finally take their vows to the Night\'s Watch. A man, sent by Robert, is captured for trying to poison Daenerys. Furious, Drogo vows to attack the Seven Kingdoms.','',7,5),(16,'The Pointy End','Eddard and his men are betrayed and captured by the Lannisters. When word reaches Robb, he plans to go to war to rescue them. The White Walkers attack The Wall. Tyrion returns to his father with some new friends.','',8,5),(17,'Baelor','Robb goes to war against the Lannisters. Jon finds himself struggling on deciding if his place is with Robb or the Night\'s Watch. Drogo has fallen ill from a fresh battle wound. Daenerys is desperate to save him.','',9,5),(18,'Fire and Blood','With Ned dead, Robb vows to get revenge on the Lannisters. Jon must officially decide if his place is with Robb or the Night\'s Watch. Daenerys says her final goodbye to Drogo.','',10,5),(19,'The North Remembers','Tyrion arrives at Kings Landing to take his father\'s place as Hand of the King. Stannis Baratheon plans to take the Iron Throne for his own. Robb tries to decide his next move in the war. The Night\'s Watch arrive at the house of Craster.','',1,6),(20,'The Night Lands','Arya makes friends with Gendry. Tyrion tries to take control of the small council. Theon arrives at his home, Pyke, in order to persuade his father into helping Robb with the war. Jon tries to investigate Craster\'s secret.','',2,6),(21,'What Is Dead May Never Die','Tyrion tries to see who he can trust in the small council. Catelyn visits Renly to try and persuade him to join Robb in the war. Theon must decide if his loyalties lie with his own family or with Robb.','',3,6),(22,'Garden of Bones','Lord Baelish arrives at Renly\'s camp just before he faces off against Stannis. Daenerys and her company are welcomed into the city of Qarth. Arya, Gendry, and Hot Pie find themselves imprisoned at Harrenhal.','',4,6),(23,'The Ghost of Harrenhal','Tyrion investigates a secret weapon that King Joffrey plans to use against Stannis. Meanwhile, as a token for saving his life, Jaqen H\'ghar offers to kill three people that Arya chooses.','',5,6),(24,'The Old Gods and the New','Theon seizes control of Winterfell. Jon captures a wildling, named Ygritte. The people of King\'s Landing begin to turn against King Joffrey. Daenerys looks to buy ships to sail for the Seven Kingdoms.','',6,6),(25,'A Man Without Honor','Bran and Rickon have escaped Winterfell. Theon tries to hunt them down. Daenerys\' dragons have been stolen. Jon travels through the wilderness with Ygritte as his prisoner. Sansa has bled and is now ready to have Joffrey\'s children.','',7,6),(26,'The Prince of Winterfell','Stannis is just days from King\'s Landing. Tyrion prepares for his arrival. Jon and Qhorin are taken prisoner by the wildlings. Catelyn is arrested for releasing Jamie. Arya, Gendry, and Hot Pie plan to escape from Harrenhal.','',8,6),(27,'Blackwater','Stannis Baratheon\'s fleet and army arrive at King\'s Landing and the battle for the city begins. Cersei plans for her and her children\'s future.','',9,6),(28,'Valar Morghulis','Joffrey puts Sansa aside for Margaery Tyrell. Robb marries Talisa Maegyr. Jon prepares to meet Mance Rayder. Arya says farewell to Jaqen H\'ghar. Daenerys tries to rescue her dragons.','',10,6),(29,'Valar Dohaeris','Jon is brought before Mance Rayder, the King Beyond the Wall, while the Night\'s Watch survivors retreat south. In King\'s Landing, Tyrion asks for his reward. Littlefinger offers Sansa a way out.','',1,7),(30,'Dark Wings, Dark Words','Bran and company meet Jojen and Meera Reed. Arya, Gendry, and Hot Pie meet the Brotherhood. Jaime travels through the wilderness with Brienne. Sansa confesses her true feelings about Joffery to Margaery.','',2,7),(31,'Walk of Punishment','Robb and Catelyn arrive at Riverrun for Lord Hoster Tully\'s funeral. Tywin names Tyrion the new Master of Coin. Arya says goodbye to Hot Pie. The Night\'s Watch returns to Craster\'s. Brienne and Jamie are taken prisoner.','',3,7),(32,'And Now His Watch Is Ended','Jamie mopes over his lost hand. Cersei is growing uncomfortable with the Tyrells. The Night\'s Watch is growing impatient with Craster. Daenerys buys the Unsullied.','',4,7),(33,'Kissed by Fire','Robb\'s army is falling apart. Jamie reveals a story, to Brienne, that he has never told anyone. Jon breaks his vows. The Hound is granted his freedom. The Lannisters hatch a new plan.','',5,7),(34,'The Climb','Jon and the wildlings scale The Wall. The Brotherhood sells Gendry to Melisandre. Robb does what he can to win back the Freys. Tyrion tells Sansa about their engagement.','',6,7),(35,'The Bear and the Maiden Fair','Jon and the wildlings travel south of The Wall. Talisa tells Robb that she\'s pregnant. Arya runs away from the Brotherhood. Daenerys arrives at Yunkai. Jamie leaves Brienne behind at Harrenhal.','',7,7),(36,'Second Sons','Daenerys tries to persuade the Second Sons to join her against Yunkai. Stannis releases Davos from the dungeons. Sam and Gilly are attacked by a White Walker. Sansa and Tyrion wed.','',8,7),(37,'The Rains of Castamere','Robb and Catelyn arrive at the Twins for the wedding. Jon is put to the test to see where his loyalties truly lie. Bran\'s group decides to split up. Daenerys plans an invasion of Yunkai.','',9,7),(38,'Mhysa','Bran and company travel beyond The Wall. Sam returns to Castle Black. Jon says good bye to Ygritte. Jamie returns to King\'s Landing. The Night\'s Watch asks for help from Stannis.','',10,7),(39,'Two Swords','Tyrion welcomes a guest to King\'s Landing. At Castle Black, Jon stands trial. Daenerys is pointed to Meereen, the mother of all slave cities. Arya runs into an old enemy.','',1,8),(40,'The Lion and the Rose','Joffrey and Margaery\'s wedding has come. Tyrion breaks up with Shae. Ramsay tries to prove his worth to his father. Bran and company find a Weirwood tree.','',2,8),(41,'Breaker of Chains','Tyrion is arrested for the murder of Joffery and awaits trial. Sansa escapes King\'s Landing. Sam sends Gilly to Mole\'s Town as the Night\'s Watch finds itself in a tight spot. Meereen challenges Daenerys.','',3,8),(42,'Oathkeeper','Jaime entrusts a task to Brienne. Daenerys frees Meereen. Jon is given permission to lead a group of Night\'s Watchmen to Craster\'s Keep. Bran and company are taken hostage.','',4,8),(43,'First of His Name','Tommen is crowned King of the Seven Kingdoms. Cersei builds her case against Tyrion. Sansa and Lord Baelish arrive at the Eyrie. The Night\'s Watch attacks Craster\'s Keep.','',5,8),(44,'The Laws of Gods and Men','Tyrion\'s trial has come. Yara and her troops storm the Dreadfort to free Theon. Daenerys meets Hizdar zo Loraq. Stannis makes a deal with the Iron Bank of Braavos.','',6,8),(45,'Mockingbird','Tyrion tries to find a champion. Daenerys sleeps with Daario. The Hound becomes wounded. Jon\'s advice is ignored at Castle Black. Brienne and Podrick receive a tip on Arya\'s whereabouts.','',7,8),(46,'The Mountain and the Viper','Theon helps Ramsay seize Moat Cailin. The wildlings attack Mole\'s Town. Sansa comes up with a story to protect Lord Baelish. Daenerys finds out a secret about Ser Jorah. Oberyn Martell faces Ser Gregor Clegane.','',8,8),(47,'The Watchers on the Wall','The battle between the Night\'s Watch and the Wildlings has come.','',9,8),(48,'The Children','The Night\'s Watch story continues, with surprising developments. Daenerys experiences new consequences. Brienne and Podrick have an unexpected encounter. Bran achieves a goal, while Tyrion makes an important discovery.','',10,8),(49,'The Wars to Come','Cersei and Jaime adjust to a world without Tywin. Tyrion and Varys arrive at Pentos. In Meereen, a new enemy emerges. Jon is caught between two kings.','',1,9),(50,'The House of Black and White','Arya arrives in Braavos. Jamie takes on a secret mission. Ellaria Sand seeks revenge for Oberyn\'s death. Stannis makes Jon a generous offer as the Night\'s Watch elects a new Lord Commander. Daenerys is faced with a difficult decision.','',2,9),(51,'High Sparrow','Tommen and Margaery wed. Arya has trouble adapting to her new life. Littlefinger reveals his plans to Sansa. Jon gives his first orders as Lord Commander. Tyrion and Varys arrive in Volantis.','',3,9),(52,'Sons of the Harpy','Jorah Mormont sets sail alongside his prisoner, Tyrion. Cersei makes a move against the Tyrells. Jaime and Bronn sneak into Dorne. Ellaria and the Sand Snakes make their plans. Melisandre tempts Jon. The Harpies attack.','',4,9),(53,'Kill the Boy','Daenerys arrests the heads of Meereen\'s great families. Jon makes a difficult decision. Theon is forced to face Sansa. Stannis rides south. Tyrion and Jorah enter the ruins of Old Valyria.','',5,9),(54,'Unbowed, Unbent, Unbroken','Arya is put to the test. Tyrion and Jorah are captured by slavers. Loras Tyrell is judged by the Sparrows. Jaime and Bronn face the Sand Snakes. Sansa marries Ramsay Bolton.','',6,9),(55,'The Gift','Jon heads east as trouble begins to stir for Sam and Gilly at Castle Black. Sansa asks Theon for help. Tyrion and Jorah are sold as slaves. Cersei savors her triumph over the Tyrells as new plots are developed in the shadows.','',7,9),(56,'Hardhome','Tyrion advises Daenerys. Sansa forces Theon to tell her a secret. Cersei remains stubborn. Arya meets her first target. Jon and Tormund meet with the Wildling Elders.','',8,9),(57,'The Dance of Dragons','Jon and the Wildlings return to Castle Black. Jaime meets with Doran Martell. Stannis makes a hard choice. Arya runs into Ser Meryn Trant. Daenerys attends the grand reopening of the fighting pits.','',9,9),(58,'Mother\'s Mercy','Stannis arrives at Winterfell. Tyrion runs Meereen as Daario and Jorah go after Daenerys. Jaime and Myrcella leave Dorne. Jon sends Sam and Gilly to Oldtown. Arya challenges the Many-Faced God. Cersei confesses her sins.','',10,9),(59,'The Red Woman','The fate of Jon Snow is revealed. Daenerys is brought before Khal Moro. Tyrion gets used to living in Meereen. Ramsay sends his dogs after Theon and Sansa. Ellaria and the Sand Snakes make their move. Cersei mourns for Myrcella.','',1,10),(60,'Home','Bran trains with the Three-Eyed Raven. Tommen meets with Cersei. Tyrion makes a bold move. Theon leaves while at Pyke new issues arise. Ramsay\'s brother is born. Davos asks Melisandre for a miracle.','',2,10),(61,'Oathbreaker','Daenerys arrives at Vaes Dothrak. Sam and Gilly sail for Horn Hill. Arya trains as No One. Varys finds information on the Sons of the Harpy. Ramsay receives a gift. Tommen meets with the High Sparrow. At Castle Black, a miracle occurs.','',3,10),(62,'Book of the Stranger','Sansa arrives at Castle Black. Tyrion makes a deal with the Slave Masters. Jorah and Daario sneak into Vaes Dothrak. Ramsay sends a letter to Jon. Theon arrives at Pyke. Cersei and Olenna Tyrell plot against the High Sparrow.','',4,10),(63,'The Door','Sansa and Jon make plans. Arya is given another chance to prove herself. Jorah confesses a secret to Daenerys. Tyrion meets with a Red Priestess. Yara finds her rule tested. Bran discovers the origin of the White Walkers.','',5,10),(64,'Blood of My Blood','Bran and Meera find a new ally. Gilly meets Sam\'s family. Arya makes a difficult choice. The Lannisters and Tyrells march against the High Sparrow.','',6,10),(65,'The Broken Man','Jon and Sansa gather troops. Jaime arrives at Riverrun. Olenna Tyrell plans to leave King\'s Landing. Theon and Yara plan a destination. Arya makes plans to leave.','',7,10),(66,'No One','Brienne arrives at Riverrun. Arya seeks shelter. Jaime meets with Edmure Tully. Cersei challenges the Faith. Sandor Clegane hunts for revenge. Tyrion faces the consequences of earlier decisions.','',8,10),(67,'Battle of the Bastards','Jon and Sansa face Ramsay Bolton on the fields of Winterfell. Daenerys strikes back at her enemies. Theon and Yara arrive in Meereen.','',9,10),(68,'The Winds of Winter','Cersei and Loras Tyrell stand trial by the gods. Daenerys prepares to set sail for Westeros. Davos confronts Melisandre. Sam and Gilly arrive in The Citadel. Bran discovers a long kept secret. Lord Frey has an uninvited guest.','',10,10),(69,'Chapter One: The Vanishing of Will Byers','In a small Indiana town, the disappearance of a young boy sparks a police investigation.','',1,11),(70,'Chapter Two: The Weirdo on Maple Street','Mike hides the mysterious girl in his house. Joyce gets a strange phone call.','',2,11),(71,'Chapter Three: Holly, Jolly','An increasingly concerned Nancy looks for Barb and finds out what Jonathan\'s been up to. Joyce is convinced Will is trying to talk to her.','',3,11),(72,'Chapter Four: The Body','Refusing to believe Will is dead, Joyce tries to connect with her son. The boys give Eleven a makeover. Johnathan and Nancy form an unlikely alliance.','',4,11),(73,'Chapter Five: The Flea and the Acrobat','Hopper breaks into the lab to find the truth about Will\'s death. The boys try to locate the \"gate\" that will take them to Will.','',5,11),(74,'Chapter Six: The Monster','Hopper and Joyce find the truth about the lab\'s experiments. After their fight, the boys look for the missing Eleven.','',6,11),(75,'Chapter Seven: The Bathtub','The government comes searching for Eleven. Eleven looks for Will in the Upside Down.','',7,11),(76,'Chapter Eight: The Upside Down','Joyce and Hopper are taken in for questioning. Nancy and Jonathan prepare to fight the monster and save Will.','',8,11),(78,'Pilot','A sociopathic scientist drags his innocent grandson on dangerous inter-dimensional adventures.','',1,12),(79,'Lawnmower Dog','Rick helps Jerry out with the dog, broh. Don\'t even trip about this episode, because they also incept Goldenfold.','',2,12),(80,'Anatomy Park','It\'s Christmas. Rick shrinks Morty, injecting him into a homeless man to save Anatomy Park. Jerry tries to have a Christmas free of electronic devices, but regrets his decision when his parents introduce him to their new friend.','',3,12),(81,'M. Night Shaym-Aliens!','Rick and Morty try to get to the bottom of a mystery in this M. Night Shamyaloin style twistaroony of an episode! (Guest Starring David Cross)','',4,12),(82,'Meeseeks and Destroy','Rick provides the family with a solution to their problems, freeing him up to go on an adventure led by Morty.','',5,12),(83,'Rick Potion #9','Rick provides Morty with a love potion to get Jessica.','',6,12),(84,'Raising Gazorpazorp','Morty becomes a father to an alien baby, while Rick and Summer get trapped in a dangerous dimension.','',7,12),(85,'Rixty Minutes','Rick hooks up the family\'s TV with interdimensional cable, allowing them to watch infinite TV from across the multiverse.','',8,12),(86,'Something Ricked This Way Comes','Summer gets a job at a pawn shop owned by the devil. Jerry helps Morty with his science fair project.','',9,12),(87,'Close Rick-counters of the Rick Kind','Rick has a run in with some old associates, resulting in a fallout with Morty. You got any chips, broh?','',10,12),(88,'Ricksy Business','Beth and Jerry head for an iceberg of a date leaving Rick in charge. Morty doesn\'t get to go on any more adventures if the house isn\'t in the same condition when they get back.','',11,12),(89,'A Rickle in Time','Having restarted time, Rick, Morty and Summer are in a quantum-uncertain state of existence. An argument leads to the creation of two alternate timelines, which need to be stitched back together fast if they are to escape quantum collapse.','',1,13),(90,'Mortynight Run','Rick and Morty try to save a gas life form while Jerry resides in a daycare made for Jerrys.','',2,13),(91,'Auto Erotic Assimilation','Rick gets emotional. Beth and Jerry get into a fight.','',3,13),(92,'Total Rickall','The Smith house is locked down after parasites threaten to take over the world by multiplying through flashbacks.','',4,13),(93,'Get Schwifty','Rick and morty must aid Earth after a giant head disrupts the planet, demanding to see a hit song performed.','',5,13),(94,'The Ricks Must Be Crazy','Rick is having trouble with his car and they have to fix it by traveling to the microverse.','',6,13),(95,'Big Trouble in Little Sanchez','Rick joins in on some hijinks by transferring his consciousness into teenage \"Tiny Rick\". Beth and Jerry sort out their relationship.','',7,13),(96,'Interdimensional Cable 2: Tempting Fate','Jerry is faced with the difficult decision of losing his manhood in order to save an alien leader from imminent death. Meanwhile, Rick, Morty and Summer explore the possibilities of interdimensional television.','',8,13),(97,'Look Who\'s Purging Now','Rick and Morty arrive on an alien planet to fix their ship just as the day of the purge begins there, Jerry and Summer work on their father-daughter relationship, but his lack of employment keeps coming up.','',9,13),(98,'The Wedding Squanchers','The Smith family is invited to the wedding of Rick\'s best friend, Birdperson. Things go south when it\'s discovered that the bride isn\'t who she says she is.','',10,13),(99,'Pilot','In near-future Los Angeles, Will Bowman attempts a daring rescue. His wife Katie tries to help a relative in need. A job opportunity threatens to divide the family.','',1,14),(100,'A Brave New World','Will\'s new mission is to find the guy behind the explosion. Madeline encounters an old friend. Will and Katie help out the family of a mutual friend. Katie\'s actions put Will\'s job at risk.','',2,14),(101,'98 Seconds','Katie\'s first mission leads her to question her commitment to the cause. Will\'s hunt for Geronimo draws him into the Resistance\'s crosshairs. Bram\'s girlfriend needs him to keep a secret.','',3,14),(102,'Blind Spot','Will earns the respect of his new colleagues. A Resistance attack comes to the home front and brings the Bowman family together. Katie gets to know Will\'s team. Maddie finds a new job that makes the most of her talents.','',4,14),(103,'Geronimo','Geronimo\'s identity is revealed. Will begins to question his wife\'s loyalties. Katie struggles with the weight of her choices. Bram finds his way into a secret world. Snyder sees an opporunity to improve his standing in the colony.','',5,14),(104,'Yoknapatawpha','Will and Snyder take shelter in the Yonk after they are ambushed, and Katie struggles with where her loyalties really lie.','',6,14),(105,'Broussard','The series begins less than a year after the beginning of the Occupation. The Bowmans seek their middle child (younger son), Charlie, who was separated from them during the Arrival, while they try to survive with meager resources in a changed world that is constantly dangerous despite its urban veneer of order. Will is forced to work for the Redhats to hunt down the Resistance, or his family will be sent to the Factory. Katie, who is (unbeknownst to Will) a member of the Resistance, now has an inside source in Will.','',7,14),(106,'In From the Cold','A high-ranking member of the Resistance arrives; Katie gets a second chance; Bram proposes a risky journey.','',8,14),(107,'Zero Day','Will wants to remove the family from the occupation; Snyder tries to protect his office.','',9,14),(108,'Gateway','After a high-value hostage is kidnapped by the Resistance, the Los Angeles block is placed on lockdown. Season Finale.','',10,14),(109,'Eleven.Thirteen','Will and Katie try to keep their family together in the changing city while Broussard returns home.','',1,15),(110,'Somewhere Out There','Will puts his trust in an old friend in the Santa Monica bloc; Jennifer visits Katie; Bram meets the camp commandant.','',2,15),(111,'Sublimation','Will, Devon and Charlie journey home; Katie says goodbye to her daughter; Bram makes friends at camp; Maddie finds a new project.','',3,15),(112,'Panopticon','Jennifer keeps an eye on the Bowman house. The family encounters unexpected challenges when Charlie returns home.','',4,15),(113,'Company Man','Will returns to an unfamiliar workplace. At home, Katie tries to stay on her best behavior. Broussard and his cell make a startling discovery about the Wall.','',5,15),(114,'The Original','Bernard alerts Ford of aberrant behavior from recoded hosts; Dolores encounters gunslinger Teddy, but their narrative is upended by a mysterious Man in Black.','',1,16),(115,'Chestnut','William and Logan arrive with different expectations; To avoid recall, Maeve\'s emotions are tweaked; Lee pitches his latest narrative; The Man in Black seeks help from a ruthless bandit, Lawernce.','',2,16),(116,'The Stray','Elsie and Stubbs search for a missing host; Teddy gets a new backstory; Bernard investigates the origins of madness and hallucinations within the hosts.','',3,16),(117,'Dissonance Theory','Dolores joins William and Logan on a bounty hunt; The Man in Black finds a critical clue in his search to unlock the maze; Dr. Ford and Theresa discuss the park\'s future; Maeve is troubled by a recurring vision.','',4,16),(118,'Contrapasso','Dolores, William and Logan reach Pariah, and are recruited for a dangerous mission; The Man in Black meets an unlikely ally in his search to unlock the maze.','',5,16),(119,'The Adversary','Maeve charms Felix; Elsie discovers evidence that could point to sabotage; Teddy and the Man in Black conflict with a garrison.','',6,16),(120,'Trompe L\'Oeil','Dolores and William continue their journey; Maeve presents her demand; Bernard considers his next move; A surprising discovery is made.','',7,16),(121,'Trace Decay','Bernard struggles with a mandate; Teddy is troubled by dark memories; Maeve looks to change her script.','',8,16),(122,'The Well-Tempered Clavier','Dolores and Bernard reconnect with their pasts; Maeve makes a bold proposition to Hector; Teddy finds enlightenment, at a price.','',8,16),(123,'The Bicameral Mind','Ford unveils his bold new narrative; Dolores embraces her identity; Maeve sets her plan in motion.','',10,16),(124,'The Train Job','Mal and his crew pull a train robbery.','',1,17),(125,'Bushwhacked','The Serenity hits a wrecked transport vessel that was transporting settler\'s families and Mal decides to check whether there are survivors or goods. He goes on board with Zoe and they find a survivor completely mad and bring him to the Serenity. They also find some valuable goods and the fate of the crew that was attacked by the Reavers. When they are ready to go, they are intercepted by an Alliance\'s spacecraft and their Commander Harken brings them on board for investigation. Soon Mal realizes that they are in danger and tries to convince Harken to check the ...','',2,17),(126,'Our Mrs. Reynolds','A woman claiming to be Mal\'s wife appears aboard Serenity.','',3,17),(127,'Jaynestown','Mal and the crew of Serenity land to pick up some contraband In Canton, a township on Higgins\' Moon, where labor is provided under servitude run by the local magistrate. Jayne had once robbed the boss with a partner but barely escaped by jettisoning from their getaway vehicle his partner (now waiting for revenge) and the money boxes (who have made him a legendary hero). Jayne is recognized by all and \"welcomed\" accordingly. Sub-plots show Simon and Kaylee face their growing romantic feelings, River first tries to \"fix\" the Bible and is later traumatized by seeing ...','',4,17),(128,'Out of Gas','When Serenity\'s life support system fails, Mal orders the crew off the ship - but he stays behind.','',5,17),(129,'Shindig','After scuffling with one of Inara\'s clients during a royal ball where the Serenity crew is hired by a diplomat to smuggle some unusual cargo, Mal is challenged to a duel of swords by the snobbish and arrogant royal Atherton Wing.','',6,17),(130,'Safe','The Serenity brings the cattle to a plane and, when Mal is negotiating the selling with the traders, there is a shootout and Shepherd Book is hit. Meanwhile Dr. Simon and River are kidnapped by the residents to work in an isolated area. But Mal needs to leave the planet to seek help for Book and the leave the siblings behind. When the locals discover that River can read minds, they believe she is a witch and wants to burn her at stake.','',7,17),(131,'Ariel','Serenity travels to the core world Ariel and Simon comes up with a plan to steal drugs from the hospital.','',8,17),(132,'War Stories','Niska catches up with the Serenity crew.','',9,17),(133,'Objects in Space','River has a daydream and holds one of Jayne\'s weapon believing it was a tree branch; suddenly she awakes and sees Mal and the crew scary. River overhears Mal and the crew discussing about her and she feels rejected. Meanwhile, the ruthless bounty hunter Jubal Early, who has tracked down River, boards the Serenity while everybody is sleeping. He subdues Mal and locks the crew in the cabins; ties Kaylee up in the engine room; hits Shepherd Book on the head; and he finally captures Simon to force him to deliver his sister. However River is missing and out of the blue, ...','',10,17),(134,'Serenity','After scavenging the remains of a cargo spaceship, Captain Malcolm \'Mal\' Reynolds and his crew are found by the Alliance but they escape. They go to Persephone to sell the stolen cargo to the criminal Badger, but he is no longer interested in the wanted goods. Malcom decides to sell the cargo to the outlaw Patience in the planet Whitefall and pick up passenger to raise money. But soon they discover and Alliance\'s mole on board that is chasing one of the passengers. Who is who? When they arrive on Whitefall, Patience betrays Malcolm and the infamous Reavers have ...','',11,17),(135,'Heart of Gold','Inara receives a distress call from her old friend Nandi, who owns a brothel on a moon. Mal and his crew heads to the place and they learn that the leader of the town Rance Burgess has an infertile wife and the prostitute Petaline is pregnant of him. Now he wants the baby to raise with his family. Mal and his crew decide to help Nandi, Petaline and the other girls, defending the brothel from Rance Burgess. Meanwhile Mal an Nandi feel attracted for each other hurting the feelings of Inara.','',12,17),(136,'Trash','Saffron returns to offer the crew a mission but not everyone is willing to trust her again.','',13,17),(137,'The Message','A dying request from an old army buddy turns treacherous for Mal, Zoë, and the rest of the crew.','',14,17),(138,'Pilot','After leaving prison, Marius takes cover from his past by assuming the identity of his cellmate, Pete. He moves in with Pete\'s long-estranged, unsuspecting family and is roped into the family\'s bail bond business. He\'s a criminal taking down other criminals and, in the process, he\'ll discover the family life he\'s never had.\r\n','',1,18),(139,'Safe','As business flags, tensions rise between Pete\'s grandparents, Otto and Audrey. Marius proposes a risky play to help Julia manage a dangerous client, but when they encounter problems, the \"cousins\" must rely on Audrey\'s expertise. While evading a mysterious pursuer, Marius visits former partners Katie and Karolina in NYC and remembers how three years ago, he made a powerful enemy of Vince.\r\n','',2,18),(140,'Mr. Success','Marius\' exacting parole officer insists that he come into the city for a mandatory appointment. To get there on time, Marius must fend off Pete\'s curious cousins Julia, Taylor, and Carly, an increasingly suspicious Audrey, and a terrifying ambush. Meanwhile, Eddie becomes desperate in captivity, Vince\'s lieutenant Winslow hunts for Marius, and a reluctant Katie helps Marius cover his tracks.\r\n','',3,18),(141,'The Fury','Lured by the promise of a big payday in the bail bonds office\'s safe, Marius tries to work the angles with Pete\'s family. However, he finds it more difficult than he expected to manipulate Taylor, who harbors both a vicious temper and a dangerous secret of his own. Back in the city, Vince struggles with a difficult client at the poker table and takes his frustrations out on his crew.\r\n','',4,18),(142,'Sam','Audrey and Otto argue over Audrey\'s unilateral decisions, the fallout from which may cost them their business. In the process of helping Otto investigate one of his nagging suspicions, Marius makes a major discovery about Audrey\'s finances. Meanwhile, Carly quizzes her mysterious cousin about his past, Julia rekindles her relationship with her ex Lance, and Vince has a new job for Eddie.\r\n','',5,18),(143,'Coyote Is Always Hungry','When a dangerous client\'s case goes to court, Bernhardt Bail Bonds struggles to recover the money he put up as collateral. Fearing retaliation if they can\'t come up with the money, Otto visits old friends on the local reservation, and Marius recruits younger talent to help. An outside source leads Carly to unearth a major secret about Pete, and Julia must decide whether she can trust Lance again.\r\n','',6,18),(144,'Lieutenant Bernhardt','As they struggle to save the family business, Audrey strategizes with Marius, while Otto insists on doing things his way. Confronted by Carly\'s discoveries, Marius pays visits to both his old mentor and his former cellmate to backstop his identity as Pete. Taylor gathers evidence about the incident that left him suspended from the force, and Winslow follows Marius\' trail to Katie and her family.\r\n','',7,18),(145,'The Roll Over','After discovering that Audrey risked BBB\'s future on a fraudulent investment, Marius convinces her, a reluctant Julia, and a team of his old compatriots to con back the money from the person who ripped her off. Unbeknownst to Audrey and Marius, Otto unilaterally enacts a perilous plan to save the business. Meanwhile, Katie and Brendon hold a NYC detective bound and gagged in their basement.\r\n','',8,18),(146,'The Turn','When Otto\'s solo plan ends with a dead man on the floor of the bail bonds office, Otto, Marius, and Lance are left at the mercy of BBB\'s dangerous client Dockery, who wants his collateral money back- and no more excuses. After searching the farm house (with the kids and Carly) detective Winslow shows up at the bail bonds for Marius. Dockery allows Winslow to take Marius. Dockery takes Lance and the dead body and tells Otto he wants his money back. No one knows that Marius has the $150,000 on him. Winslow takes Marius into the woods, plans on killing him and keeping ...\r\n','',9,18),(147,'The Longest Day','With all of the pieces in place, Marius sits down at Vince\'s poker table to make his final moves. Everything is going according to plan, until Vince becomes suspicious that he\'s seen this play before. When Audrey finds herself at the scene of a bloody crime, she must go against her instincts and trust her family to help her manage the situation. Julia embarks on a dangerous quest to save Lance.\r\n','',10,18),(148,'Dulcinea','In the outer solar system near Saturn, James Holden and the crew of the ice-freighter Canterbury, investigate a distress call from a mysterious derelict ship, the Scopuli. On Ceres Station, Detective Miller begins an off the book investigation of a missing heiress, Julie Mao.\r\n','',1,20),(149,'The Big Empty','Holden and crew are trapped in badly damaged shuttle. On Ceres, Miller uncovers clues about Julie Mao. On Earth, Chrisjen Avasarala questions a terrorist.\r\n','',2,20),(150,'Remember the Cant','While Avasarala plays a dangerous game of politics, Holden and his crew are forced to turn on one another while held captive by the Martian Navy.\r\n','',3,20),(151,'CQB','Holden and crew are caught in the middle of a desperate battle as mysterious war ships attack and board the Donnager. As Miller continues to investigate Julie Mao, his partner Havelock continues to go missing.\r\n','',4,20),(152,'Back to the Butcher','The crew has survived the loss of the Canturbury and the Donnager and are contacted by an unlikely ally. Miller, on Ceres, continues his investigation and his thoughts of a conspiracy grow.\r\n','',5,20),(153,'Rock Bottom','Holden\'s team makes an uneasy alliance with Fred Johnson while Miller fights for his life against Anderson Dawe\'s thugs.\r\n','',6,20),(154,'Windmills','Holden and crew realize that they\'re not alone on the Rocinante and find themselves up against a Martian Marine blockade. Miller\'s dark night of the soul, believing all is lost, finds a new reason to keep going. Avasarala visits Holden\'s family in Montana.\r\n','',7,20),(155,'Salvage','A derelict vessel holds a potentially devastating secret. Holden and his crew cross paths with Miller on Eros. Avasarala receives bad news.\r\n','',8,20),(156,'Critical Mass','A flashback to Julie\'s origin story reveals her trajectory. Holden and Miller finally meet and team up to get to the bottom of the strange emergency situation happening on Eros. As the true horror of the events on Eros is revealed, an ailing Holden and Miller must overcome incredible odds if they hope to live to fight another day. Part 1 of 2\r\n','',9,20),(157,'From Pole to Pole','\"Planet Earth\" travels around the Earth, finding where the sun always shines and where it\'s rarely seen. Next, they find where water is abundant and where it\'s scarce.','',1,21),(158,'Leviathan Wakes','A flashback to Julie\'s origin story reveals her trajectory. Holden and Miller finally meet and team up to get to the bottom of the strange emergency situation happening on Eros. As the true horror of the events on Eros is revealed, an ailing Holden and Miller must overcome incredible odds if they hope to live to fight another day. Part 2 of 2\r\n','',10,20),(159,'Mountains','Mountains are the most prominent products of the immense forces which shape the living planet: tectonic drift, volcanic activity and erosion by wind, water, frost and precipitation. We see how wildlife adapts to the harsh, often extreme conditions in various types of mountain ranges, such as Gelada baboons on a suddenly volcano-pushed Ethiopian peek, pumas in the Andes, grizzly bears in the Rockies, snow leopards in the Himalaya.\r\n','',2,21),(160,'Safe','Unlikely allies Joe Miller and the crew of the Rocinate led by Jim Holden uncover more about the conspiracy to release the protomolecule on Eros station.\r\n','',1,22),(161,'Doors & Corners','Holden and crew stage a dangerous raid in search of information about the protomolecule.\r\n','',2,22),(162,'Fresh Water','Although merely 3% of water on earth, fresh water plays an important part in the planet\'s weather and erosion. It is immensely important for all non-marine wildlife, which drinks fresh water and swims, procreates, hunts in it. Its concentrations, such as rivers, lakes and swamps, abound in aquatic and other species, often adapted to \'wet\' life.\r\n','',3,21),(163,'Static','Holden and Miller butt heads about how the raid was handled.\r\n','',3,22),(164,'Godspeed','Miller devises a dangerous plan to eradicate what\'s left of the protomolecule on Eros.\r\n','',4,22),(165,'Caves','The Earth\'s large, deep calcareous caves are virtually inaccessible and therefore barely explored - requiring expert diving where flooded. Some of its wildlife is as strange and specific as in the deep, darkest part of the ocean, whether physically adapted -notably to the dark. Nevertheless, some caves(did) play an important part in native cultures, even as sources of fresh water for some Mayan cities.\r\n','',4,21),(166,'Deserts','A large and growing part of earth\'s land mass is covered in desert - each one widely varied in composition and dryness. Wildlife species have adapted in different ways to these different arid lands especially to get and conserve water. Some are physically desert-models, like camels, others just changed their diet and behavior. Most live mainly at night, when it\'s cooler. The largest desert is northern Africa\'s Sahara, US size and extremely sandy, the result of grinding erosion of mountains. Short moist moments or periods are taken intense advantage off, leading to ...\r\n','',5,21),(167,'Ice Worlds','The polar caps have the most extreme seasonal contrasts, growing and melting vast ice masses, so wildlife adapts by annual migrations. The majority of Antartica is a vast barren permafrost. Only 3% of the coast and peninsular peaks are where life migrates to in the spring, for a short fertile summer, attracted by rich supplies of krill and fish. Only the Emperor penguin males breed 4 months in winter 100 miles inland. The Arctic has a more complete fauna which migrates back North from the continent. Here, the Polar bear is threatened because global warming defrosts ...\r\n','',6,21),(168,'Episode #1.1','The Hawkins family acquire a Synth named Anita, which creates new tensions for Laura; Leo is on the run with his Synth; Pete feels pushed aside by his wife\'s Synth; George won\'t part with his.\r\n','',1,23),(169,'Episode #1.2','Niska stages a brutal escape from the brothel and Leo\'s secret is revealed. Meanwhile, George is horrified to be given a new Synth, Vera.\r\n','',2,23),(170,'Great Plains','A quarter of the earth\'s land mass, from arctic to tropical, are open plains consisting of lowland as well as highland plateaus. Here grows virtually indestructible, fast-growing grasses of all sizes that feed the planet\'s largest herbivore populations, the preys to solitary and social carnivores. Spectacular elements of the seasonal cycle of life can include mass migrations, monsoons, drought and great fires.\r\n','',7,21),(171,'Episode #1.3','Anita saves Toby\'s life; George tries to break free; and Pete is angry at the brothel-murder cover-up.\r\n','',3,23),(172,'Jungles','On 3% of the Earth\'s surface, the rain forest is the habitat for half our animal species, even 80% of insects. So its wildlife is most competitive, like the birds of paradise\'s mating, and specialized with unique relationships of predation, parasitism etc. For plants, the quest for light is key to stratification, paralleled by interacting animals eating fruits, leaves and other animals. Even the jungle cacophony is stratified. On the soil, recycling specialist like fungi restart the cycle of life. In Central Africa even herds of elephants specialize in following ...\r\n','',8,21),(173,'Episode #1.4','Joe gets too close to Anita, and Karen is not what she seems. Meanwhile, Leo gets one step closer to finding Mia, and Niska gets revenge.\r\n','',4,23),(174,'Episode #1.5','With Karen on her tail, Leo sends Niska to George\'s house and an unlikely friendship begins. Also: Joe\'s secret threatens to destroy the Hawkins family.\r\n','',5,23),(175,'Episode #1.6','With the Hawkins family at their lowest ebb, Laura makes a confession that will have serious implications for Anita and leaves Mattie wondering if she can ever forgive her. Meanwhile, Karen discovers the whereabouts of Niska.\r\n','',6,23),(176,'Episode #1.7','When Karen goes in search of Niska, Pete tries to uncover the strange truth about his former partner. Laura provides a refuge for the hunted Synths, giving hope that they and humans can peacefully co-exist but Hobb is on their trail.\r\n','',7,23),(177,'Shallow Seas','Shallow seas cover only 8% of earth\'s surface, but contain the richest, most varied maritime life: from plankton and coral (literally vital for the very existence of reefs) to birds and from various invertebrates to mammals like seals, dolphins and whales and from sea snakes to countless fish species. Their ecological interaction is greatly varied and complex, often with nearby land to, even with deserts.\r\n','',9,21),(178,'Episode #1.8','As protesters march against the increased use of domestic Synths Hobb prepares to experiment on the brains of his captives in his efforts to crack the secret of artificial intelligence. Now fully sympathetic to Anita/Mia and the others as sentient creatures the Hawkins family, assisted by Pete Drummond, threaten to expose Hobb\'s experiment to the press unless he releases the Synths - which he does though with a tracking device inside Fred. On the run the family and the Synths mingle with the protesters before taking refuge in a church crypt. Here Leo takes a gamble on...\r\n','',8,23),(179,'Episode #2.1','The Hawkins family try to get their lives back on track. Niska is driven to a fateful decision while on the run in Berlin. Leo, Max and Mia are living in hiding near a coastal town when they are threatened by a mysterious organisation.\r\n','',1,24),(180,'Seasonal Forests','Trees are earth\'s largest organisms and are also one of the planet\'s oldest inhabitants. Seasonal forests (unlike tropical rain-forest) the largest land habitats. A third of all trees grow in the endless taiga of the Arctic north. Northern America has forests that include California\'s sequoia\'s, the earth\'s largest trees. There and elsewhere, their vast production of photosynthesis and shade presides over a seasonal cycle of life and involves countless plant and animal species.\r\n','',10,21),(181,'Episode #2.2','Karen and Pete learn of a special Synth which is being sold on the black market. Hestor uses dubious means to extract information from her prisoner and Mia risks exposing her secret to try and help Ed.\r\n','',2,24),(182,'Episode #2.3','Athena arrives in the UK seeking a meeting with Hobb and Niska\'s consciousness assessments begin. Leo\'s group of Synths are forced to abandon their hiding place but Mia makes a decision that shocks her friends.\r\n','',3,24),(184,'Episode #2.4','Mia and Ed get closer but their relationship is threatened when their secret is discovered. The outcome of the trial looks bleak for Niska until Laura calls a surprise witness.\r\n','',4,24),(185,'Episode #2.5','Leo stakes out the silo and tracks down the sniper who shot Ten. Hester promises to use peaceful means to deal with the shooter, but can Leo trust her? Meanwhile, Mia risks falling into the hands of a mysterious organisation.\r\n','',5,24),(186,'Ocean Deep','Open ocean, a vast biotope covering two thirds of the planet, some shallow, some as deep as the mountain ranges are high. The ocean has an immense, precariously complex food chain, varying from microscopic animals, like krill, to whales, which ironically feed mainly on the former. Most species swim or float in it, many coming up for air, while other dive in from land or air, often to feed, but also to procreate on the coast, where some species come to lay their eggs. Even the shore is covered with life, largely based on organic matter, such as corpses.\r\n','',11,21),(187,'Episode #2.6','Athena challenges Milo over his ethics and is shocked to learn the extent of the tycoon\'s ambitions. Max starts a new community of synths and takes matters into his own hands when he learns how far Leo is prepared to go to achieve his aims.\r\n','',6,24),(188,'Episode #2.7','Laura seeks Niska\'s help as Mia and Hester prepare to break into the silo - but their attack does not go to plan. Meanwhile, Karen goes in search of Athena and makes a life-changing decision.\r\n','',7,24),(189,'Episode #2.8','In the aftermath of events at the silo, Hester seeks revenge on Leo. Karen decides she and Sam have no future. Niska plans to return to Berlin with Astrid, but cannot abandon her family. Joe makes a shocking confession to Laura.\r\n','',8,24),(190,'The New World','Joe Blake, a resistance fighter, leaves German New York with cargo for neutral Colorado. In Japanese San Francisco, Juliana Crane receives footage of the Allies winning the war and a bus ticket to Colorado from her sister. There, she meets Joe. Joe reveals a dark secret.\r\n','',1,25),(191,'Sunrise','Frank\'s fate hangs in the balance as he is held captive by the Kempeitai. Meanwhile, Juliana makes contact with a mysterious man who gives her a clue about the films, and Obergruppenführer Smith is surprised by an unfortunate turn of events.\r\n','',2,25),(192,'The Illustrated Woman','Joe and Juliana must act quickly as a vicious bounty hunter known as The Marshal arrives in Canon City. Tagomi makes plans with Wegener to pass valuable secrets from the Reich, and Frank plots his revenge against the Japanese.\r\n','',3,25),(193,'Revelations','Joe is increasingly torn between duty and his growing feelings for Juliana. While Ed tries to stop Frank from making an irrevocable decision, Smith\'s investigation is interrupted when he has trouble with his witness, and Tagomi\'s plan goes awry as events take a dramatic turn at the Crown Prince\'s speech.\r\n','',4,25),(194,'The New Normal','Juliana returns home, only to discover new clues that lead her closer to unraveling the mystery behind the films. Meanwhile, Joe faces a tough debriefing upon his return home. Kido begins his investigation into the events surrounding the Crown Prince\'s speech, while Tagomi and Wegener make a last-ditch attempt to complete their mission.\r\n','',5,25),(195,'Three Monkeys','Joe celebrates VA day at Smith\'s house. Juliana accepts a job working for Tagomi as she continues her search for answers. Smith invites an old friend to join the celebrations with surprising results.\r\n','',6,25),(196,'Truth','Juliana makes a startling discovery about her sister\'s death. Frank reflects on recent events and makes an important decision about his future, and Tagomi gains greater insight into Juliana\'s past.\r\n','',7,25),(197,'End of the World','Juliana and Frank make plans to escape the Pacific States, only to be dragged back into danger by Joe as he tries to retrieve a new film. Meanwhile, Smith\'s loyalty is put to the ultimate test when confronted with a startling family discovery.\r\n','',8,25),(198,'Kindness','With time running out, a desperate Frank is forced to put his life on the line to help Joe. The pieces finally fall into place for Smith as he uncovers who was behind the assassination attempt. Tagomi is devastated when he\'s confronted with the consequences of his scheming, and Kido\'s investigation takes a dramatic turn when he makes an important discovery.\r\n','',9,25),(199,'A Way Out','As revelations abound, Juliana is forced to make the hardest decision of her life. Wegener returns to Germany to carry out his mission. Smith risks becoming the prey as he goes hunting with his assassin, and Kido desperately tries to close his investigation before his time runs out.\r\n','',10,25),(200,'The Tiger\'s Cave','When Julianna allows Joe to flee from the hands of the Resistance, she is questioned on her loyalty, Obergruppenführer John Smith returns with news on the event that almost led to his death and Trade Minister Tagomi is overwhelmed by the vision of life if the Nazis had failed to win World War 2.\r\n','',1,26),(201,'The Road Less Traveled','After narrowly escaping death, Juliana discovers a family secret that could have global implications - and leads her to make a life-changing decision. Kido, Tagomi, and Frank all take dangerous risks, while back in New York, Joe settles into a normal routine, only to have it turned upside down when Smith gives him the opportunity he\'s waited for his whole life.\r\n','',2,26),(202,'Travelers','Fighting to acclimatize to the strange new world of Nazi New York, Juliana seeks out the one person she thinks she can trust: Joe Blake. Angry and defiant after Juliana\'s departure, Frank is drawn to the Resistance movement and its charismatic leader. Joe confronts his own identity when he finally meets his father.\r\n','',3,26),(203,'Escalation','Juliana discovers she\'s far from safe from the Resistance in the Reich. Smith confronts the reality of the lengths he\'s willing to go to in order to protect his son. And another father - Joe\'s - tries to persuade him to give Berlin a chance. Frank also has a decision to make: how far is he prepared to go to help the Resistance cause?\r\n','',4,26),(204,'Duck and Cover','Joe learns a truth about his past that makes him question everything. The rift between Frank and Ed widens as Frank is drawn further into the Resistance. In order to assure her safety, Juliana must betray someone close to her.\r\n','',5,26),(205,'Kintsugi','Nicole introduces Joe to an unexpected side of Berlin, that leads him down a new path. On her new mission, Juliana inserts herself into the Smith\'s inner circle. Tagomi is finally reunited with his family, only to be faced with the prospect of losing them again.\r\n','',6,26),(206,'Land O\' Smiles','As Juliana worms closer to the Smiths, she discovers a dangerous secret. Childan and Ed get themselves in a sticky situation as they try to settle the Yakuza debt. On a Resistance mission, Frank uncovers a Japanese plan that could realize his worst nightmare.\r\n','',7,26),(207,'Loose Lips','Juliana gathers intel for the Resistance that could trigger WWIII. When the political situation in Berlin becomes unsafe, Joe must make a choice that could put his life in danger. Frank learns the truth about Juliana, leading him to question his newfound Resistance family.\r\n','',8,26),(208,'Detonation','Tagomi faces a dilemma: to stay with his family or return to the world he left behind. Desperate to escape the Reich, Juliana strikes a final, dangerous deal with the Resistance. When Ed reveals a secret that puts the Resistance plan in jeopardy, Frank must decide how to deal with his best friend\'s betrayal.\r\n','',9,26),(209,'Fallout','Tagomi enlists Kido in a deception to save Japan from destruction. As Smith\'s life crumbles around him, he makes a dangerously bold play to hold onto his power. Joe tries to do the right thing but suffers the ultimate betrayal. Juliana must make a heart-wrenching choice that will shape the future of the world.\r\n','',10,26),(211,'Episode #1.1','While Lenny Belardo begins his pontificate as Pius XIII, he calls on Sister Mary, his childhood guardian for help, and begins to familiarize himself with the Vatican.\r\n','',1,27),(212,'Episode #1.2','Cardinal Voiello continues his investigations, while tensions arise between the Pope and Sister Mary.\r\n','',2,27),(213,'Episode #1.3','In the wake of the Pope\'s controversial homily, Sister Mary is thrust into the spotlight, and Voiello is determined to discover the Pope\'s weaknesses.\r\n','',3,27),(214,'Episode #1.4','As Voiello continues his secret campaign against the Pope, he manipulates another into joining his plot, while the Pope himself reveals radical new plans for the Church.\r\n','',4,27),(215,'Episode #1.5','The Pope takes an unscheduled trip away from the Vatican, Voiello has a crisis of conscience, and the Cardinals are finally given their audience with the pontiff.\r\n','',5,27),(216,'Episode #1.6','Nine months after the Pope\'s ascension to power, the Church faces a financial crisis, there is joy for Esther, while Dussolier is put in a difficult position.\r\n','',6,27),(217,'Episode #1.7','In the wake of a tragedy, Dussolier experiences doubt in his abilities, while the Pope begins to question his own decisions as a fresh plot against him emerges.\r\n','',7,27),(218,'Episode #1.8','The Pope deals with his grief after experiencing a personal loss, and travels to Africa where his eyes are opened to wider suffering.\r\n','',8,27),(219,'Episode #1.9','While the Pope suffers another loss, Gutierrez struggles to gather evidence against Kurtwell.\r\n','',9,27),(220,'Episode #1.10','As he deals with the Kurtwell case and the demands of Catholics, the Pope makes an important decision, while Sister Mary is given a new mission.\r\n','',10,27),(221,'The Holy Trinity','The Grand Tour kicks off in California, USA, when Jeremy Clarkson, Richard Hammond and James May take their famous studio tent to Dry Rabbit Lake. Hundreds of fans from across the U.S. traveled to the desert, near Lucerne Valley, outside of Los Angeles, California to be part of the first ever episode of Jeremy, Richard and James new show for Amazon Prime.\r\n','',1,28),(222,'Operation Desert Stumble','Jeremy Clarkson, Richard Hammond and James May bring the traveling Grand Tour tent to The Cradle of Humankind near Johannesburg in South Africa. In this show, the three hosts are forced to become special forces soldiers with an all action challenge at a top secret training base, deep within Jordan. Also in this episode, Jeremy introduces the 800 horsepower Aston Martin Vulcan to the Grand Tour test track, and James is sent to investigate an unusual form of motorsport called spinning.\r\n','',2,28),(223,'Opera, Arts and Donuts','The travelling tent lands on the quayside in Whitby, England where Jeremy, Richard and James introduce a modern take on the traditional Italian grand tour featuring an Aston Martin DB11, a Rolls-Royce Dawn and an uninvited guest.\r\n','',3,28),(224,'Enviro-mental','The Grand Tour studio tent is back in Whitby, England for various complicated reasons, some of which are James\'s fault. In this show, Jeremy Clarkson tests the Porsche 911 GT3 RS, desperately trying to remain impartial despite knowing that Richard Hammond owns one, and then compares it to the track-focused BMW M4 GTS. Also in this programme, the hosts become unusually ecological as they attempt to create cars made of truly sustainable materials before taking part in what\'s billed as a green motorsport event. Meanwhile, back at the tent, comedian Jimmy Carr is the ...\r\n','',4,28),(225,'Morroccan Roll','The Grand Tour travelling tent is in the port of Rotterdam, Holland from where Richard Hammond and James May introduce a twin test between two lightweight sports cars, the civilised Mazda MX5 and the stripped-out Zenos E10, against the stunning backdrop of Morocco. Unfortunately, the pair\'s North African adventure is ruined by the arrival of the horribly dressed Jeremy Clarkson in the horribly expensive Alfa Romeo 4C Spider. Also in this show, Hammond and May attempt to reinvent a traditional board game by playing it with cars, and legendary Dutch band Golden Earring ...\r\n','',5,28),(226,'Happy Finnish Christmas','The Grand Tour pitches its travelling studio in Kakslauttanen, Finland, deep within the Arctic Circle. In this show, Richard Hammond is very excited by the UK arrival of the very first Ford Mustang to be made in right-hand-drive and then very annoyed when Jeremy Clarkson turns up with a Ford Focus RS loudly claiming that it\'s better. Meanwhile, James May recounts the epic battle between Ford and Ferrari for supremacy in the Le Mans endurance race of the 1960s. Plus, the presenters have some Christmas gift suggestions for the car enthusiast.\r\n','',6,28),(227,'The Beach (Buggy) Boys - Part 1','In the first of two special shows, The Grand Tour abandons its usual travelling tent for a road trip across Namibia as Jeremy Clarkson, Richard Hammond and James May attempt to demonstrate the brilliance of that great \'60s throwback, the beach buggy. Grand Tour boss man Mr Wilman has declared that beach buggies are terrible, and its up to the hosts to prove him wrong as they saddle up three examples built to their own specifications and set off on an epic journey across the deserts of south west Africa.\r\n','',7,28),(228,'The Beach (Buggy) Boys - Part 2','In the second show of a two-part special, Jeremy Clarkson, Richard Hammond and James May continue in their epic trip across Namibia as they attempt to prove that beach buggies are brilliant. Having escaped the challenging desert at last, the trio must now face the rough roads of the Namibian bush and the constant malfunction of Clarkson\'s V8-powered buggy. As their arduous journey nears its conclusion, the hosts camp out in style and embark on their own version of rhino conservation before coming up with an unusual and potentially perilous way to reach their finish ...\r\n','',8,28),(229,'Berks to the Future','The Grand Tour travelling tent arrives Stuttgart, Germany, the home of Porsche and Mercedes-Benz. In this show, James May takes the new Honda NSX supercar to the Eboladrome to push its cutting-edge hybrid technology to the limit and Richard Hammond immerses himself in the world of doomsday preppers as he constructs a \'bugout\' vehicle that will allow him to survive a bleak future of nuclear winters, alien invasions and massed herds of zombies. Meanwhile, in a less realistic attempt at engineering, Jeremy Clarkson invents a new kind of fashionable SUV. Also in this show...\r\n','',9,28),(230,'Dumb Fight at the O.K. Coral','The Grand Tour travelling tent arrives in Nashville, Tennessee from where Jeremy Clarkson, Richard Hammond and James May introduce their attempt to save the world\'s coral reefs using only a selection of car body shells and some extremely inept boat driving. Also in this show, Jeremy finally indulges his series-long Alfa Romeo obsession with a test of the new, 500 horsepower Giulia Quadrifoglio and AC/DC singer Brian Johnson comes to the tent to try his hand at Celebrity Brain Crash.\r\n','',10,28),(231,'Italian Lessons','This week the Grand Tour tent is on the shores of Loch Ness in Scotland, from where Jeremy Clarkson, Richard Hammond and James May introduce their experiences of buying used Maseratis with their own money and then using them to tour the drizzle flecked landscapes of the North of France. Along the way, they encounter worrying noises, unusual electronics, a small engine fire, and the cruel delight of watching James trying to drive with a broken arm. Also in this programme, Richard is at the Eboladrome track trying out the Abarth 124 Spider as he discovers if it\'s a real...\r\n','',11,28),(232,'[censored] to [censored]','The tent is once again in Loch Ness, This time Jeremy, Richard and James test the Jaguar F-Pace, the Bentley Bentayga and the Range Rover Autobiography with a road trip around central Europe.\r\n','',12,28),(233,'Past v Future','For the final show of the season, the Grand Tour tent arrives in Dubai from where Jeremy Clarkson and James May introduce a battle between their own, personal cars. Jeremy champions the past with his Volkswagen Golf GTI while James makes a case for the future with his electrically powered BMW i3. Meanwhile, Richard Hammond is in France learning how to drift a car like a pro, and James is sent to a damp part of England to take part, against his will, in a strange sport called winching. Plus, the recently deceased Bugatti Veyron takes part in a drag race against the ...\r\n','',13,28);
/*!40000 ALTER TABLE `episode` ENABLE KEYS */;
UNLOCK TABLES;

--
-- Table structure for table `party`
--

DROP TABLE IF EXISTS `party`;
/*!40101 SET @saved_cs_client     = @@character_set_client */;
/*!40101 SET character_set_client = utf8 */;
CREATE TABLE `party` (
  `id` int(11) NOT NULL AUTO_INCREMENT,
  `name` varchar(90) NOT NULL,
  PRIMARY KEY (`id`)
) ENGINE=InnoDB AUTO_INCREMENT=11 DEFAULT CHARSET=utf8;
/*!40101 SET character_set_client = @saved_cs_client */;

--
-- Dumping data for table `party`
--

LOCK TABLES `party` WRITE;
/*!40000 ALTER TABLE `party` DISABLE KEYS */;
INSERT INTO `party` VALUES (4,'Maria & Friend'),(5,'Robert\'s Group'),(7,'My Group'),(8,'My Group'),(9,'New'),(10,'With Colin');
/*!40000 ALTER TABLE `party` ENABLE KEYS */;
UNLOCK TABLES;

--
-- Table structure for table `party_tv_show`
--

DROP TABLE IF EXISTS `party_tv_show`;
/*!40101 SET @saved_cs_client     = @@character_set_client */;
/*!40101 SET character_set_client = utf8 */;
CREATE TABLE `party_tv_show` (
  `party_id` int(11) NOT NULL,
  `tv_show_id` int(11) NOT NULL,
  `id` int(11) NOT NULL AUTO_INCREMENT,
  PRIMARY KEY (`id`),
  KEY `fk_party_has_tv_show_tv_show1_idx` (`tv_show_id`),
  KEY `fk_party_has_tv_show_party1_idx` (`party_id`),
  CONSTRAINT `fk_party_has_tv_show_party1` FOREIGN KEY (`party_id`) REFERENCES `party` (`id`) ON DELETE NO ACTION ON UPDATE NO ACTION,
  CONSTRAINT `fk_party_has_tv_show_tv_show1` FOREIGN KEY (`tv_show_id`) REFERENCES `tv_show` (`id`) ON DELETE NO ACTION ON UPDATE NO ACTION
) ENGINE=InnoDB AUTO_INCREMENT=40 DEFAULT CHARSET=utf8;
/*!40101 SET character_set_client = @saved_cs_client */;

--
-- Dumping data for table `party_tv_show`
--

LOCK TABLES `party_tv_show` WRITE;
/*!40000 ALTER TABLE `party_tv_show` DISABLE KEYS */;
INSERT INTO `party_tv_show` VALUES (4,5,17),(4,6,18),(4,9,19),(5,7,20),(5,5,21),(7,6,32),(7,9,33),(8,9,37),(8,6,38),(10,8,39);
/*!40000 ALTER TABLE `party_tv_show` ENABLE KEYS */;
UNLOCK TABLES;

--
-- Table structure for table `party_user`
--

DROP TABLE IF EXISTS `party_user`;
/*!40101 SET @saved_cs_client     = @@character_set_client */;
/*!40101 SET character_set_client = utf8 */;
CREATE TABLE `party_user` (
  `party_id` int(11) NOT NULL,
  `user_id` int(11) NOT NULL,
  `id` int(11) NOT NULL AUTO_INCREMENT,
  PRIMARY KEY (`id`),
  KEY `fk_party_has_user_user1_idx` (`user_id`),
  KEY `fk_party_has_user_party1_idx` (`party_id`),
  CONSTRAINT `fk_party_has_user_party1` FOREIGN KEY (`party_id`) REFERENCES `party` (`id`) ON DELETE NO ACTION ON UPDATE NO ACTION,
  CONSTRAINT `fk_party_has_user_user1` FOREIGN KEY (`user_id`) REFERENCES `user` (`id`) ON DELETE NO ACTION ON UPDATE NO ACTION
) ENGINE=InnoDB AUTO_INCREMENT=67 DEFAULT CHARSET=utf8;
/*!40101 SET character_set_client = @saved_cs_client */;

--
-- Dumping data for table `party_user`
--

LOCK TABLES `party_user` WRITE;
/*!40000 ALTER TABLE `party_user` DISABLE KEYS */;
INSERT INTO `party_user` VALUES (5,4,43),(5,1,44),(5,3,45),(8,10,53),(7,10,54),(7,9,55),(10,1,61),(10,11,62),(4,12,63),(4,1,64),(4,9,65),(4,8,66);
/*!40000 ALTER TABLE `party_user` ENABLE KEYS */;
UNLOCK TABLES;

--
-- Table structure for table `season`
--

DROP TABLE IF EXISTS `season`;
/*!40101 SET @saved_cs_client     = @@character_set_client */;
/*!40101 SET character_set_client = utf8 */;
CREATE TABLE `season` (
  `id` int(11) NOT NULL AUTO_INCREMENT,
  `Description` varchar(1000) DEFAULT NULL,
  `title` varchar(120) DEFAULT NULL,
  `img_url` varchar(300) DEFAULT NULL,
  `season_number` int(11) DEFAULT NULL,
  `tv_show_id` int(11) NOT NULL,
  PRIMARY KEY (`id`,`tv_show_id`),
  KEY `fk_seasons_show1_idx` (`tv_show_id`),
  CONSTRAINT `fk_seasons_show1` FOREIGN KEY (`tv_show_id`) REFERENCES `tv_show` (`id`) ON DELETE NO ACTION ON UPDATE NO ACTION
) ENGINE=InnoDB AUTO_INCREMENT=29 DEFAULT CHARSET=utf8;
/*!40101 SET character_set_client = @saved_cs_client */;

--
-- Dumping data for table `season`
--

LOCK TABLES `season` WRITE;
/*!40000 ALTER TABLE `season` DISABLE KEYS */;
INSERT INTO `season` VALUES (5,'Season 1','Season 1','',1,4),(6,'Season 2','Season 2','',2,4),(7,'Season 3','Season 3','',3,4),(8,'Season 4','Season 4','',4,4),(9,'Season 5','Season 5','',5,4),(10,'Season 6','Season 6','',6,4),(11,'Season 1','Season 1','https://images-na.ssl-images-amazon.com/images/M/MV5BMjEzMDAxOTUyMV5BMl5BanBnXkFtZTgwNzAxMzYzOTE@._V1_UX182_CR0,0,182,268_AL_.jpg',1,5),(12,'Season 1','Season 1','',1,6),(13,'Season 2','Season 2','',2,6),(14,'Season 1','Season 1','',1,7),(15,'Season 2','Season 2','',2,7),(16,'Season 1','Season 1','',1,8),(17,'Five hundred years in the future, a renegade crew aboard a small spacecraft tries to survive as they travel the unknown parts of the galaxy and evade warring factions as well as authority agents out to get them.','Season 1','',1,9),(18,'Season 1','Season 1','',1,10),(19,'Season 2','Season 2','',2,10),(20,'Season 1','Season 1','',1,11),(21,'Emmy Award-winning, 11 episodes, 5 years in the making, the most expensive nature documentary series ever commissioned by the BBC, and the first to be filmed in high definition.','Season 1','',1,12),(22,'Season 2','Season 2','',2,11),(23,'Season 1','Season 1','',1,13),(24,'Season 2','Season 2','',2,13),(25,'Season 1','Season 1','',1,14),(26,'Season 2','Season 2','',2,14),(27,'Season 1','Season 1','',1,15),(28,'Season 1','Season 1','',1,16);
/*!40000 ALTER TABLE `season` ENABLE KEYS */;
UNLOCK TABLES;

--
-- Table structure for table `tv_show`
--

DROP TABLE IF EXISTS `tv_show`;
/*!40101 SET @saved_cs_client     = @@character_set_client */;
/*!40101 SET character_set_client = utf8 */;
CREATE TABLE `tv_show` (
  `id` int(11) NOT NULL AUTO_INCREMENT,
  `title` varchar(128) NOT NULL,
  `description` varchar(1000) DEFAULT NULL,
  `img_url` varchar(300) DEFAULT NULL,
  PRIMARY KEY (`id`)
) ENGINE=InnoDB AUTO_INCREMENT=17 DEFAULT CHARSET=utf8;
/*!40101 SET character_set_client = @saved_cs_client */;

--
-- Dumping data for table `tv_show`
--

LOCK TABLES `tv_show` WRITE;
/*!40000 ALTER TABLE `tv_show` DISABLE KEYS */;
INSERT INTO `tv_show` VALUES (4,'Game of Thrones','Nine noble families fight for control over the mythical lands of Westeros. Meanwhile, a forgotten race hell-bent on destruction returns after being dormant for thousands of years.','https://images-na.ssl-images-amazon.com/images/M/MV5BMjM5OTQ1MTY5Nl5BMl5BanBnXkFtZTgwMjM3NzMxODE@._V1_UX182_CR0,0,182,268_AL_.jpg'),(5,'Stranger Things','When a young boy disappears, his mother, a police chief, and his friends must confront terrifying forces in order to get him back.','https://images-na.ssl-images-amazon.com/images/M/MV5BMjEzMDAxOTUyMV5BMl5BanBnXkFtZTgwNzAxMzYzOTE@._V1_UX182_CR0,0,182,268_AL_.jpg'),(6,'Rick and Morty','An animated series that follows the exploits of a super scientist and his not so bright grandson.','https://images-na.ssl-images-amazon.com/images/M/MV5BMTQxNDEwNTE0Nl5BMl5BanBnXkFtZTgwMzQ1MTg3MDE@._V1_UY268_CR2,0,182,268_AL_.jpg'),(7,'Colony','In the wake of a mysterious alien invasion, a family fights to stay together in a new world order.','https://images-na.ssl-images-amazon.com/images/M/MV5BMjE3NDQzMDE2N15BMl5BanBnXkFtZTgwMjQwMDU0NzE@._V1_UX182_CR0,0,182,268_AL_.jpg'),(8,'West World','A Western-themed futuristic theme park, populated with artificial intelligence, allows high-paying guests to live out their fantasies with no consequences or retaliation from the android hosts, until now.','https://images-na.ssl-images-amazon.com/images/M/MV5BMTEyODk5NTc2MjNeQTJeQWpwZ15BbWU4MDQ5NTgwOTkx._V1_UX182_CR0,0,182,268_AL_.jpg'),(9,'Firefly','Five hundred years in the future, a renegade crew aboard a small spacecraft tries to survive as they travel the unknown parts of the galaxy and evade warring factions as well as authority agents out to get them.','https://images-na.ssl-images-amazon.com/images/M/MV5BNGEzYjIzZGUtNWI5YS00Y2IzLWIzMTQtMGJhNDljZDkzYzM0XkEyXkFqcGdeQXVyNTA4NzY1MzY@._V1_UY268_CR0,0,182,268_AL_.jpg'),(10,'Sneaky Pete','A con man on the run from a vicious gangster takes cover by assuming the identity of his prison cellmate, Pete, reuniting with his estranged family, that threatens to drag him into a world just as dangerous as the one he\'s escaping.','https://images-na.ssl-images-amazon.com/images/M/MV5BMTgwNzgzNzg3Nl5BMl5BanBnXkFtZTgwMTEzNDc4MDI@._V1_UX182_CR0,0,182,268_AL_.jpg'),(11,'The Expanse','A police detective in the asteroid belt, the first officer of an interplanetary ice freighter and an earth-bound United Nations executive slowly discover a vast conspiracy that threatens the Earth\'s rebellious colony on the asteroid belt.\r\n','https://images-na.ssl-images-amazon.com/images/M/MV5BMTYxNzI0NDY2OF5BMl5BanBnXkFtZTgwNDg0MDQyMTI@._V1_UX182_CR0,0,182,268_AL_.jpg'),(12,'Planet Earth','Emmy Award-winning, 11 episodes, 5 years in the making, the most expensive nature documentary series ever commissioned by the BBC, and the first to be filmed in high definition.','https://images-na.ssl-images-amazon.com/images/M/MV5BNzA0NTQxNzQ3Ml5BMl5BanBnXkFtZTYwMjA1ODU3._V1._CR46,3,350,461_UY268_CR10,0,182,268_AL_.jpg'),(13,'Humans','In a parallel present where the latest must-have gadget for any busy family is a \'Synth\' - a highly-developed robotic servant that\'s so similar to a real human it\'s transforming the way we live.\r\n','https://images-na.ssl-images-amazon.com/images/M/MV5BMTQ3NjE2OTY4NF5BMl5BanBnXkFtZTgwMTE0NDc0ODE@._V1_UX182_CR0,0,182,268_AL_.jpg'),(14,'The Man in the High Castle ','A glimpse into an alternate history of North America. What life after WWII may have been like if the Nazis had won the war.\r\n','https://images-na.ssl-images-amazon.com/images/M/MV5BMjM4NzEyNTU2Nl5BMl5BanBnXkFtZTgwMTE3ODI0MDI@._V1_UX182_CR0,0,182,268_AL_.jpg'),(15,'The Young Pope ','The beginning of the pontificate of Lenny Belardo, alias Pius XIII, the first American Pope in history.\r\n','https://images-na.ssl-images-amazon.com/images/M/MV5BMjA4ODA2NjAxMV5BMl5BanBnXkFtZTgwMTUzOTA4MDI@._V1_UX182_CR0,0,182,268_AL_.jpg'),(16,'The Grand Tour ','Follow Jeremy, Richard, and James, as they embark on an adventure across the globe. Driving new and exciting automobiles from manufacturers all over the world.\r\n','https://images-na.ssl-images-amazon.com/images/M/MV5BMjEyNjAwNjUxOF5BMl5BanBnXkFtZTgwMzk4NDUyMDI@._V1_UX182_CR0,0,182,268_AL_.jpg');
/*!40000 ALTER TABLE `tv_show` ENABLE KEYS */;
UNLOCK TABLES;

--
-- Table structure for table `user`
--

DROP TABLE IF EXISTS `user`;
/*!40101 SET @saved_cs_client     = @@character_set_client */;
/*!40101 SET character_set_client = utf8 */;
CREATE TABLE `user` (
  `username` varchar(32) NOT NULL,
  `password` varchar(32) NOT NULL,
  `id` int(11) NOT NULL AUTO_INCREMENT,
  `display_name` varchar(45) NOT NULL,
  `img_url` varchar(90) NOT NULL DEFAULT 'img/default.jpg',
  PRIMARY KEY (`id`)
) ENGINE=InnoDB AUTO_INCREMENT=13 DEFAULT CHARSET=utf8;
/*!40101 SET character_set_client = @saved_cs_client */;

--
-- Dumping data for table `user`
--

LOCK TABLES `user` WRITE;
/*!40000 ALTER TABLE `user` DISABLE KEYS */;
INSERT INTO `user` VALUES ('Chaz','chaz',1,'Chaaaz','img/default.jpg'),('Nik','nik',2,'Nikolaus','img/default.jpg'),('Robert','robert',3,'Rupert','img/default.jpg'),('JoshZ','joshz',4,'JayDizzle','img/default.jpg'),('TheManDan','password',5,'Siiick!','img/defaultUser.jpg'),('SICK','password',6,'SICK','img/defaultUser.jpg'),('AZink','az',7,'Ash','img/defaultUser.jpg'),('Maria','m',8,'Maria','img/defaultUser.jpg'),('jb','jb',9,'jb','img/defaultUser.jpg'),('ron','r',10,'ron','img/defaultUser.jpg'),('Colin','colin',11,'Colin','img/defaultUser.jpg'),('DiscoStick147','thisisapassword147',12,'DiscoStick147','img/defaultUser.jpg');
/*!40000 ALTER TABLE `user` ENABLE KEYS */;
UNLOCK TABLES;

--
-- Table structure for table `user_episode`
--

DROP TABLE IF EXISTS `user_episode`;
/*!40101 SET @saved_cs_client     = @@character_set_client */;
/*!40101 SET character_set_client = utf8 */;
CREATE TABLE `user_episode` (
  `watched` int(11) NOT NULL DEFAULT '0',
  `user_id` int(11) NOT NULL,
  `episode_id` int(11) NOT NULL,
  `id` int(11) NOT NULL AUTO_INCREMENT,
  PRIMARY KEY (`id`),
  KEY `fk_user_episode_user1_idx` (`user_id`),
  KEY `fk_user_episode_episode1_idx` (`episode_id`),
  CONSTRAINT `fk_user_episode_user1` FOREIGN KEY (`user_id`) REFERENCES `user` (`id`) ON DELETE NO ACTION ON UPDATE NO ACTION,
  CONSTRAINT `fk_user_episode_episode1` FOREIGN KEY (`episode_id`) REFERENCES `episode` (`id`) ON DELETE NO ACTION ON UPDATE NO ACTION
) ENGINE=InnoDB AUTO_INCREMENT=304 DEFAULT CHARSET=utf8;
/*!40101 SET character_set_client = @saved_cs_client */;

--
-- Dumping data for table `user_episode`
--

LOCK TABLES `user_episode` WRITE;
/*!40000 ALTER TABLE `user_episode` DISABLE KEYS */;
INSERT INTO `user_episode` VALUES (1,6,93,8),(1,6,80,9),(1,6,81,10),(1,6,82,11),(1,6,83,12),(1,6,84,13),(1,6,85,14),(1,6,86,15),(1,6,87,16),(1,6,88,17),(1,6,78,18),(1,6,79,19),(1,6,96,20),(1,6,97,21),(1,6,98,22),(1,6,89,23),(1,6,90,24),(1,6,91,25),(1,6,92,26),(1,6,93,27),(1,6,94,28),(1,6,95,29),(1,2,80,30),(1,2,81,31),(1,2,82,32),(1,2,83,33),(1,2,84,34),(1,2,85,35),(1,2,86,36),(1,2,87,37),(1,2,88,38),(1,2,78,39),(1,2,79,40),(1,2,96,41),(1,2,97,42),(1,2,98,43),(1,2,89,44),(1,2,90,45),(1,2,91,46),(1,2,92,47),(1,2,93,48),(1,2,94,49),(1,2,95,50),(1,7,124,51),(1,7,125,52),(1,7,126,53),(1,7,127,54),(1,7,80,55),(1,7,78,56),(1,7,79,57),(1,3,80,58),(1,3,81,59),(1,3,82,60),(0,3,83,61),(0,3,84,62),(0,3,85,63),(0,3,86,64),(0,3,87,65),(0,3,88,66),(1,3,78,67),(1,3,79,68),(1,3,89,69),(1,3,90,70),(1,3,91,71),(1,3,92,72),(1,3,99,73),(1,3,100,74),(1,3,101,75),(1,3,102,76),(1,3,103,77),(1,3,104,78),(1,3,89,79),(1,3,90,80),(1,3,91,81),(1,3,92,82),(1,3,78,83),(1,3,79,84),(1,3,80,85),(1,3,81,86),(1,3,82,87),(1,1,128,88),(1,1,129,89),(1,1,130,90),(1,1,131,91),(1,1,132,92),(1,1,133,93),(1,1,134,94),(1,1,135,95),(1,1,124,96),(1,1,125,97),(1,1,126,98),(1,1,127,99),(1,1,9,100),(0,1,10,101),(0,1,11,102),(1,1,12,103),(1,1,13,104),(1,1,14,105),(1,1,15,106),(1,1,16,107),(1,1,17,108),(1,1,18,109),(1,1,19,110),(1,1,20,111),(1,1,21,112),(1,1,22,113),(1,1,23,114),(1,1,24,115),(1,1,25,116),(1,1,26,117),(1,1,27,118),(1,1,28,119),(1,1,29,120),(1,1,30,121),(1,1,31,122),(1,1,32,123),(1,1,33,124),(1,1,34,125),(1,1,35,126),(1,1,36,127),(1,1,37,128),(1,1,38,129),(1,3,9,130),(1,3,10,131),(1,3,11,132),(1,3,12,133),(1,3,13,134),(1,3,14,135),(1,1,39,136),(1,1,40,137),(1,1,41,138),(1,1,42,139),(1,1,43,140),(1,1,44,141),(1,1,45,142),(1,1,46,143),(1,1,47,144),(1,1,48,145),(1,1,9,146),(1,1,12,147),(1,1,13,148),(1,1,14,149),(1,1,15,150),(1,1,16,151),(1,1,17,152),(1,1,18,153),(1,1,78,154),(1,1,79,155),(1,1,80,156),(1,3,9,157),(1,3,10,158),(1,3,11,159),(1,3,12,160),(1,3,13,161),(1,3,14,162),(1,1,128,163),(1,1,129,164),(1,1,130,165),(1,1,131,166),(1,1,132,167),(1,1,133,168),(1,1,134,169),(1,1,135,170),(1,1,124,171),(1,1,125,172),(1,1,126,173),(1,1,127,174),(1,3,128,175),(1,3,129,176),(1,3,130,177),(1,3,131,178),(1,3,136,179),(1,3,137,180),(1,3,124,181),(1,3,125,182),(1,3,126,183),(1,3,127,184),(1,1,128,185),(1,1,129,186),(1,1,130,187),(1,1,131,188),(1,1,132,189),(1,1,133,190),(1,1,134,191),(1,1,135,192),(1,1,124,193),(1,1,125,194),(1,1,126,195),(1,1,127,196),(1,2,99,197),(1,2,100,198),(1,2,101,199),(1,2,102,200),(1,2,103,201),(1,2,104,202),(1,2,105,203),(1,2,106,204),(1,2,107,205),(1,2,108,206),(1,2,69,207),(1,2,70,208),(1,2,71,209),(1,2,72,210),(1,2,73,211),(1,2,74,212),(1,2,75,213),(1,2,76,214),(1,2,128,215),(1,2,129,216),(1,2,130,217),(1,2,131,218),(1,2,132,219),(1,2,133,220),(1,2,134,221),(1,2,135,222),(1,2,136,223),(1,2,137,224),(1,2,124,225),(1,2,125,226),(1,2,126,227),(1,2,127,228),(1,2,221,229),(1,2,222,230),(1,2,223,231),(1,2,224,232),(1,2,225,233),(1,2,226,234),(1,2,227,235),(1,2,228,236),(1,2,229,237),(1,2,230,238),(1,2,231,239),(1,2,232,240),(1,2,233,241),(1,8,124,242),(1,8,125,243),(1,8,126,244),(1,8,127,245),(1,8,81,246),(1,8,83,247),(1,8,87,248),(1,8,88,249),(1,8,78,250),(1,8,75,251),(1,8,76,252),(1,9,124,253),(1,9,125,254),(1,9,126,255),(1,9,80,256),(1,9,78,257),(1,9,79,258),(0,9,128,259),(1,9,124,260),(1,9,125,261),(1,9,126,262),(1,9,124,263),(1,9,125,264),(1,9,126,265),(1,10,124,266),(1,10,125,267),(0,10,126,268),(0,10,80,269),(1,10,78,270),(0,10,79,271),(1,10,124,272),(1,10,125,273),(1,10,127,274),(1,10,81,275),(1,10,82,276),(1,10,78,277),(1,1,69,278),(1,1,70,279),(1,1,71,280),(1,11,114,281),(1,11,115,282),(1,11,117,283),(1,11,118,284),(1,11,114,285),(1,11,115,286),(1,11,116,287),(1,11,117,288),(1,11,118,289),(1,1,118,290),(1,1,117,291),(1,1,118,292),(1,12,128,293),(1,12,129,294),(1,12,130,295),(1,12,137,296),(1,12,124,297),(1,12,125,298),(1,12,126,299),(1,12,127,300),(1,12,9,301),(1,12,80,302),(1,12,78,303);
/*!40000 ALTER TABLE `user_episode` ENABLE KEYS */;
UNLOCK TABLES;

--
-- Table structure for table `user_tv_show`
--

DROP TABLE IF EXISTS `user_tv_show`;
/*!40101 SET @saved_cs_client     = @@character_set_client */;
/*!40101 SET character_set_client = utf8 */;
CREATE TABLE `user_tv_show` (
  `user_id` int(11) NOT NULL,
  `tv_show_id` int(11) NOT NULL,
  `id` int(11) NOT NULL AUTO_INCREMENT,
  PRIMARY KEY (`id`),
  KEY `fk_user_has_Show_Show1_idx` (`tv_show_id`),
  KEY `fk_user_has_Show_user_idx` (`user_id`),
  CONSTRAINT `fk_user_has_Show_user` FOREIGN KEY (`user_id`) REFERENCES `user` (`id`) ON DELETE NO ACTION ON UPDATE NO ACTION,
  CONSTRAINT `fk_user_has_Show_Show1` FOREIGN KEY (`tv_show_id`) REFERENCES `tv_show` (`id`) ON DELETE NO ACTION ON UPDATE NO ACTION
) ENGINE=InnoDB AUTO_INCREMENT=80 DEFAULT CHARSET=utf8;
/*!40101 SET character_set_client = @saved_cs_client */;

--
-- Dumping data for table `user_tv_show`
--

LOCK TABLES `user_tv_show` WRITE;
/*!40000 ALTER TABLE `user_tv_show` DISABLE KEYS */;
INSERT INTO `user_tv_show` VALUES (6,6,5),(7,4,10),(7,9,11),(7,5,12),(2,5,28),(2,16,29),(2,7,30),(2,9,31),(2,6,32),(8,9,41),(8,6,42),(8,5,43),(9,9,54),(9,6,55),(9,16,56),(10,9,60),(10,6,61),(10,5,62),(3,4,64),(3,6,65),(3,7,66),(3,8,67),(1,6,68),(1,5,69),(12,5,76),(12,9,77),(12,4,78),(12,6,79);
/*!40000 ALTER TABLE `user_tv_show` ENABLE KEYS */;
UNLOCK TABLES;
/*!40103 SET TIME_ZONE=@OLD_TIME_ZONE */;

/*!40101 SET SQL_MODE=@OLD_SQL_MODE */;
/*!40014 SET FOREIGN_KEY_CHECKS=@OLD_FOREIGN_KEY_CHECKS */;
/*!40014 SET UNIQUE_CHECKS=@OLD_UNIQUE_CHECKS */;
/*!40101 SET CHARACTER_SET_CLIENT=@OLD_CHARACTER_SET_CLIENT */;
/*!40101 SET CHARACTER_SET_RESULTS=@OLD_CHARACTER_SET_RESULTS */;
/*!40101 SET COLLATION_CONNECTION=@OLD_COLLATION_CONNECTION */;
/*!40111 SET SQL_NOTES=@OLD_SQL_NOTES */;

-- Dump completed on 2017-02-23 18:04:09
